img1.jpg,
img10.jpg,
img100.jpg,
img101.jpg,
img103.jpg,
img104.jpg,
img105.jpg,
img106.jpg,
img107.jpg,
img108.jpg,
img109.jpg,
img110.jpg,
img111.jpg,
img112.jpg,
img113.jpg,
img115.jpg,
img116.jpg,
img117.jpg,
img118.jpg,
img119.jpg,
img12.jpg,
img121.jpg,
img122.jpg,
img124.jpg,
img125.jpg,
img129.jpg,
img134.jpg,
img143.jpg,
img144.jpg,
img146.jpg,
img148.jpg,
img149.jpg,
img150.jpg,
img151.jpg,
img157.jpg,
img158.jpg,
img159.jpg,
img160.jpg,
img166.jpg,
img17.jpg,
img174.jpg,
img175.jpg,
img176.jpg,
img183.jpg,
img187.jpg,
img188.jpg,
img189.jpg,
img198.jpg,
img199.jpg,
img20.jpg,
img204.jpg,
img205.jpg,
img206.jpg,
img207.jpg,
img208.jpg,
img209.jpg,
img21.jpg,
img210.jpg,
img212.jpg,
img215.jpg,
img217.jpg,
img22.jpg,
img222.jpg,
img223.jpg,
img224.jpg,
img225.jpg,
img226.jpg,
img227.jpg,
img228.jpg,
img23.jpg,
img230.jpg,
img231.jpg,
img235.jpg,
img236.jpg,
img24.jpg,
img240.jpg,
img241.jpg,
img247.jpg,
img248.jpg,
img249.jpg,
img25.jpg,
img250.jpg,
img258.jpg,
img259.jpg,
img26.jpg,
img260.jpg,
img264.jpg,
img265.jpg,
img268.jpg,
img269.jpg,
img27.jpg,
img273.jpg,
img274.jpg,
img275.jpg,
img276.jpg,
img277.jpg,
img283.jpg,
img289.jpg,
img29.jpg,
img292.jpg,
img3.jpg,
img30.jpg,
img31.jpg,
img32.jpg,
img34.jpg,
img35.jpg,
img36.jpg,
img39.jpg,
img4.jpg,
img40.jpg,
img41.jpg,
img43.jpg,
img45.jpg,
img46.jpg,
img48.jpg,
img49.jpg,
img5.jpg,
img50.jpg,
img56.jpg,
img57.jpg,
img59.jpg,
img6.jpg,
img62.jpg,
img63.jpg,
img65.jpg,
img66.jpg,
img67.jpg,
img69.jpg,
img7.jpg,
img72.jpg,
img77.jpg,
img80.jpg,
img82.jpg,
img83.jpg,
img87.jpg,
img9.jpg,
img92.jpg,
img95.jpg,
